Actual,Predicted
89.33333333333333,87.78596491228072
58.333333333333336,57.80701754385966
