Actual,Predicted
89.33333333333333,87.73333333333333
