student_id,name,gender,attendance,math,science,english,average
1,Ram,M,85,78,82,75,78.33333333333333
2,Sita,F,92,88,91,89,89.33333333333333
3,Hari,M,70,65,68,72,68.33333333333333
4,Gita,F,95,90,94,93,92.33333333333333
5,Binod,M,60,55,58,62,58.333333333333336
